{
  "components": [
    {
      "data": {
        "checksum": "6f9fe935bbf96f873ba220702b88dc5635b34e5c", 
        "contents_checksum": "3b63ce2c408bcecf12021239079365ad1fdbdc12", 
        "size": 60153, 
        "source": "file:///tmp/tmpK3oQ1B/components/google-cloud-sdk-app-20150108121930.tar.gz", 
        "type": "tar"
      }, 
      "dependencies": [
        "core", 
        "preview", 
        "app-engine-python", 
        "app-engine-java", 
        "app-engine-go-linux-x86", 
        "app-engine-go-darwin-x86", 
        "app-engine-go-windows-x86", 
        "app-engine-go-linux-x86_64", 
        "app-engine-go-darwin-x86_64", 
        "app-engine-go-windows-x86_64", 
        "app-engine-managed-vms"
      ], 
      "details": {
        "description": "Provides the gcloud app tool for managing your apps.", 
        "display_name": "App Engine Command Line Interface (Preview)"
      }, 
      "id": "app", 
      "is_configuration": false, 
      "is_hidden": false, 
      "is_required": false, 
      "platform": {}, 
      "version": {
        "build_number": 20150108121930, 
        "version_string": "2015.01.08"
      }
    }, 
    {
      "data": {
        "checksum": "1ac5ce1d01751efcea57a0b20d2522288f876dea", 
        "contents_checksum": "19583d649196b047ac03153f746eb1a273b15e5d", 
        "size": 33099584, 
        "source": "file:///tmp/tmpK3oQ1B/components/google-cloud-sdk-app-engine-go-darwin-x86-20150108121930.tar.gz", 
        "type": "tar"
      }, 
      "dependencies": [
        "core", 
        "app-engine-python"
      ], 
      "details": {
        "description": "Provides the tools required to develop Go applications using gcloud.", 
        "display_name": "gcloud app Go Extensions (Mac OS X, x86)"
      }, 
      "id": "app-engine-go-darwin-x86", 
      "is_configuration": false, 
      "is_hidden": false, 
      "is_required": false, 
      "platform": {
        "architectures": [
          "x86"
        ], 
        "operating_systems": [
          "MACOSX"
        ]
      }, 
      "version": {
        "build_number": 20150108121930, 
        "version_string": "1.9.17"
      }
    }, 
    {
      "data": {
        "checksum": "f992aed2830c61919fe1961e7e6187161666623e", 
        "contents_checksum": "4a768ad97b0e425ab9d2b7e95c9ab26f2facc1b2", 
        "size": 33610113, 
        "source": "file:///tmp/tmpK3oQ1B/components/google-cloud-sdk-app-engine-go-darwin-x86_64-20150108121930.tar.gz", 
        "type": "tar"
      }, 
      "dependencies": [
        "core", 
        "app-engine-python"
      ], 
      "details": {
        "description": "Provides the tools required to develop Go applications using gcloud.", 
        "display_name": "gcloud app Go Extensions (Mac OS X, x86_64)"
      }, 
      "id": "app-engine-go-darwin-x86_64", 
      "is_configuration": false, 
      "is_hidden": false, 
      "is_required": false, 
      "platform": {
        "architectures": [
          "x86_64"
        ], 
        "operating_systems": [
          "MACOSX"
        ]
      }, 
      "version": {
        "build_number": 20150108121930, 
        "version_string": "1.9.17"
      }
    }, 
    {
      "data": {
        "checksum": "7b5c61c96f47484be9c4ab0f4df4dd08353652a1", 
        "contents_checksum": "1c27c167923230a2264bbc58756d01de00c62b3b", 
        "size": 34953942, 
        "source": "file:///tmp/tmpK3oQ1B/components/google-cloud-sdk-app-engine-go-linux-x86-20150108121930.tar.gz", 
        "type": "tar"
      }, 
      "dependencies": [
        "core", 
        "app-engine-python"
      ], 
      "details": {
        "description": "Provides the tools required to develop Go applications using gcloud.", 
        "display_name": "gcloud app Go Extensions (Linux, x86)"
      }, 
      "id": "app-engine-go-linux-x86", 
      "is_configuration": false, 
      "is_hidden": false, 
      "is_required": false, 
      "platform": {
        "architectures": [
          "x86"
        ], 
        "operating_systems": [
          "LINUX"
        ]
      }, 
      "version": {
        "build_number": 20150108121930, 
        "version_string": "1.9.17"
      }
    }, 
    {
      "data": {
        "checksum": "da9c13856dc47f3b32aff16307b937db90494813", 
        "contents_checksum": "96e6c6b8de9a5969287eae929fe9e36cd9378594", 
        "size": 35644279, 
        "source": "file:///tmp/tmpK3oQ1B/components/google-cloud-sdk-app-engine-go-linux-x86_64-20150108121930.tar.gz", 
        "type": "tar"
      }, 
      "dependencies": [
        "core", 
        "app-engine-python"
      ], 
      "details": {
        "description": "Provides the tools required to develop Go applications using gcloud.", 
        "display_name": "gcloud app Go Extensions (Linux, x86_64)"
      }, 
      "id": "app-engine-go-linux-x86_64", 
      "is_configuration": false, 
      "is_hidden": false, 
      "is_required": false, 
      "platform": {
        "architectures": [
          "x86_64"
        ], 
        "operating_systems": [
          "LINUX"
        ]
      }, 
      "version": {
        "build_number": 20150108121930, 
        "version_string": "1.9.17"
      }
    }, 
    {
      "data": {
        "checksum": "025b519448250b3de8fb233606fb7bc9910ce8ef", 
        "contents_checksum": "9f8a36cb93a0d8f1107e782dab19e15a7da5ac2a", 
        "size": 33493092, 
        "source": "file:///tmp/tmpK3oQ1B/components/google-cloud-sdk-app-engine-go-windows-x86-20150108121930.tar.gz", 
        "type": "tar"
      }, 
      "dependencies": [
        "core", 
        "app-engine-python"
      ], 
      "details": {
        "description": "Provides the tools required to develop Go applications using gcloud.", 
        "display_name": "gcloud app Go Extensions (Windows, x86)"
      }, 
      "id": "app-engine-go-windows-x86", 
      "is_configuration": false, 
      "is_hidden": false, 
      "is_required": false, 
      "platform": {
        "architectures": [
          "x86"
        ], 
        "operating_systems": [
          "WINDOWS", 
          "CYGWIN", 
          "MSYS"
        ]
      }, 
      "version": {
        "build_number": 20150108121930, 
        "version_string": "1.9.17"
      }
    }, 
    {
      "data": {
        "checksum": "4a998489fee688dbfa23349870ccbeb669e20c00", 
        "contents_checksum": "adb247d92d251a86a0bde65c0e315953d3f13ae7", 
        "size": 33952027, 
        "source": "file:///tmp/tmpK3oQ1B/components/google-cloud-sdk-app-engine-go-windows-x86_64-20150108121930.tar.gz", 
        "type": "tar"
      }, 
      "dependencies": [
        "core", 
        "app-engine-python"
      ], 
      "details": {
        "description": "Provides the tools required to develop Go applications using gcloud.", 
        "display_name": "gcloud app Go Extensions (Windows, x86_64)"
      }, 
      "id": "app-engine-go-windows-x86_64", 
      "is_configuration": false, 
      "is_hidden": false, 
      "is_required": false, 
      "platform": {
        "architectures": [
          "x86_64"
        ], 
        "operating_systems": [
          "WINDOWS", 
          "CYGWIN", 
          "MSYS"
        ]
      }, 
      "version": {
        "build_number": 20150108121930, 
        "version_string": "1.9.17"
      }
    }, 
    {
      "data": {
        "checksum": "ef590b93c7cc18da06de56bc63c9ed41bdf8b52c", 
        "contents_checksum": "a7009576ece0940f8289f91b4c32da4cbc663062", 
        "size": 93326181, 
        "source": "file:///tmp/tmpK3oQ1B/components/google-cloud-sdk-app-engine-java-20150108121930.tar.gz", 
        "type": "tar"
      }, 
      "dependencies": [
        "core", 
        "app-engine-python"
      ], 
      "details": {
        "description": "Provides the tools required to develop Java applications using gcloud.", 
        "display_name": "gcloud app Java Extensions"
      }, 
      "id": "app-engine-java", 
      "is_configuration": false, 
      "is_hidden": false, 
      "is_required": false, 
      "platform": {}, 
      "version": {
        "build_number": 20150108121930, 
        "version_string": "1.9.17"
      }
    }, 
    {
      "data": {
        "checksum": "0c1c980fece6cc46dc6a8d2998818999e8aca6c4", 
        "contents_checksum": "af2e02b7014fd9fe84d379e3c3cbc9889b4e7106", 
        "size": 88701631, 
        "source": "file:///tmp/tmpK3oQ1B/components/google-cloud-sdk-app-engine-managed-vms-20150108121930.tar.gz", 
        "type": "tar"
      }, 
      "dependencies": [
        "app"
      ], 
      "details": {
        "description": "Provides the tools needed to run locally and deploy your apps that use Managed VMs.", 
        "display_name": "App Engine Managed VMs Component (Preview)"
      }, 
      "id": "app-engine-managed-vms", 
      "is_configuration": false, 
      "is_hidden": true, 
      "is_required": false, 
      "platform": {}, 
      "version": {
        "build_number": 20150108121930, 
        "version_string": "2015.01.08"
      }
    }, 
    {
      "data": {
        "checksum": "5e4139483538221cae427972719c2dd805ec26c7", 
        "contents_checksum": "feab2a480961822f0e6b2813c16edebdac796ecc", 
        "size": 6876957, 
        "source": "file:///tmp/tmpK3oQ1B/components/google-cloud-sdk-app-engine-python-20150108121930.tar.gz", 
        "type": "tar"
      }, 
      "dependencies": [
        "core"
      ], 
      "details": {
        "description": "Provides the tools required to develop Python and PHP applications using gcloud.", 
        "display_name": "gcloud app Python Extensions"
      }, 
      "id": "app-engine-python", 
      "is_configuration": false, 
      "is_hidden": false, 
      "is_required": false, 
      "platform": {}, 
      "version": {
        "build_number": 20150108121930, 
        "version_string": "1.9.17"
      }
    }, 
    {
      "data": {
        "checksum": "4e9ffc35db9ac5d770d019d38c410953e43d034a", 
        "contents_checksum": "d1d5f39249a0c826e352dda2e94498c6967c44ab", 
        "size": 31027006, 
        "source": "file:///tmp/tmpK3oQ1B/components/google-cloud-sdk-app-engine-python-extras-20150108121930.tar.gz", 
        "type": "tar"
      }, 
      "dependencies": [
        "core", 
        "app-engine-python"
      ], 
      "details": {
        "description": "Extra libraries for the App Engine Python Extentions.", 
        "display_name": "gcloud app Python Extensions (Extra Libraries)"
      }, 
      "id": "app-engine-python-extras", 
      "is_configuration": false, 
      "is_hidden": true, 
      "is_required": false, 
      "platform": {}, 
      "version": {
        "build_number": 20150108121930, 
        "version_string": "1.9.17"
      }
    }, 
    {
      "data": {
        "checksum": "e933b0bd42bc9f45f2883b6a0d7e4f46f945dfaf", 
        "contents_checksum": "f764a5a9730eedb4b454fc9cbb6952a4baf0dd30", 
        "size": 71169, 
        "source": "file:///tmp/tmpK3oQ1B/components/google-cloud-sdk-bq-20150108121930.tar.gz", 
        "type": "tar"
      }, 
      "dependencies": [
        "core", 
        "bq-nix", 
        "bq-win"
      ], 
      "details": {
        "description": "Provides the bq tool for interacting with the BigQuery service.", 
        "display_name": "BigQuery Command Line Tool"
      }, 
      "id": "bq", 
      "is_configuration": false, 
      "is_hidden": false, 
      "is_required": false, 
      "platform": {}, 
      "version": {
        "build_number": 20150108121930, 
        "version_string": "2.0.18"
      }
    }, 
    {
      "data": {
        "checksum": "5d4e5e858a750c6b9ca485fe788bad7c0162d9ac", 
        "contents_checksum": "680e360046a5ce7c2d747e8fb182c1ee08bdc1e2", 
        "size": 960, 
        "source": "file:///tmp/tmpK3oQ1B/components/google-cloud-sdk-bq-nix-20150108121930.tar.gz", 
        "type": "tar"
      }, 
      "dependencies": [
        "core", 
        "bq"
      ], 
      "details": {
        "description": "Provides the bq tool for interacting with the BigQuery service.", 
        "display_name": "BigQuery Command Line Tool (Platform Specific)"
      }, 
      "id": "bq-nix", 
      "is_configuration": false, 
      "is_hidden": true, 
      "is_required": false, 
      "platform": {
        "operating_systems": [
          "LINUX", 
          "MACOSX", 
          "CYGWIN", 
          "MSYS"
        ]
      }, 
      "version": {
        "build_number": 20150108121930, 
        "version_string": "2.0.18"
      }
    }, 
    {
      "data": {
        "checksum": "61bd7d6423a328fc90c7b766f0e3c4472e71ab13", 
        "contents_checksum": "e98f723892785739d7eccbe471cfc97186c964bd", 
        "size": 621, 
        "source": "file:///tmp/tmpK3oQ1B/components/google-cloud-sdk-bq-win-20150108121930.tar.gz", 
        "type": "tar"
      }, 
      "dependencies": [
        "core", 
        "bq"
      ], 
      "details": {
        "description": "Provides the bq tool for interacting with the BigQuery service.", 
        "display_name": "BigQuery Command Line Tool (Platform Specific)"
      }, 
      "id": "bq-win", 
      "is_configuration": false, 
      "is_hidden": true, 
      "is_required": false, 
      "platform": {
        "operating_systems": [
          "WINDOWS"
        ]
      }, 
      "version": {
        "build_number": 20150108121930, 
        "version_string": "2.0.18"
      }
    }, 
    {
      "data": {
        "checksum": "6939f63eb6e9dab901cf03a1b2624cbea338bfe7", 
        "contents_checksum": "f88f953bb15bc4ff0365ed30ebb60fac9be5f379", 
        "size": 237332, 
        "source": "file:///tmp/tmpK3oQ1B/components/google-cloud-sdk-compute-20150108121930.tar.gz", 
        "type": "tar"
      }, 
      "dependencies": [
        "core", 
        "windows-ssh-tools"
      ], 
      "details": {
        "description": "Provides the gcloud compute tool for working with Compute Engine.", 
        "display_name": "Compute Engine Command Line Interface"
      }, 
      "id": "compute", 
      "is_configuration": false, 
      "is_hidden": false, 
      "is_required": false, 
      "platform": {}, 
      "version": {
        "build_number": 20150108121930, 
        "version_string": "2015.01.08"
      }
    }, 
    {
      "data": {
        "checksum": "5d9c1f9ca6ef40573bf4e5db8dfac9fa0cc1051d", 
        "contents_checksum": "97955fe7c7b04d938b1c40fa6e9a6303f7340ce0", 
        "size": 1319687, 
        "source": "file:///tmp/tmpK3oQ1B/components/google-cloud-sdk-core-20150108121930.tar.gz", 
        "type": "tar"
      }, 
      "dependencies": [
        "core-nix", 
        "core-win"
      ], 
      "details": {
        "description": "Handles all core functionality for the Cloud SDK.", 
        "display_name": "Cloud SDK Core Libraries"
      }, 
      "id": "core", 
      "is_configuration": false, 
      "is_hidden": false, 
      "is_required": true, 
      "platform": {}, 
      "version": {
        "build_number": 20150108121930, 
        "version_string": "2015.01.08"
      }
    }, 
    {
      "data": {
        "checksum": "a24d793b9e974a058b01b1c90c38ba8da114c9a7", 
        "contents_checksum": "878b6855765c3dd791ef548e8d635dfa4621931c", 
        "size": 1137, 
        "source": "file:///tmp/tmpK3oQ1B/components/google-cloud-sdk-core-nix-20150108121930.tar.gz", 
        "type": "tar"
      }, 
      "dependencies": [
        "core"
      ], 
      "details": {
        "description": "Handles all core functionality for the Cloud SDK.", 
        "display_name": "Cloud SDK Core Libraries (Platform Specific)"
      }, 
      "id": "core-nix", 
      "is_configuration": false, 
      "is_hidden": true, 
      "is_required": true, 
      "platform": {
        "operating_systems": [
          "LINUX", 
          "MACOSX", 
          "CYGWIN", 
          "MSYS"
        ]
      }, 
      "version": {
        "build_number": 20150108121930, 
        "version_string": "2015.01.08"
      }
    }, 
    {
      "data": {
        "checksum": "344092616d660e514e9f668a6b3203756623d45b", 
        "contents_checksum": "f0f902af2e5d2186dcfd65c98a8b623466442ffb", 
        "size": 757, 
        "source": "file:///tmp/tmpK3oQ1B/components/google-cloud-sdk-core-win-20150108121930.tar.gz", 
        "type": "tar"
      }, 
      "dependencies": [
        "core"
      ], 
      "details": {
        "description": "Handles all core functionality for the Cloud SDK.", 
        "display_name": "Cloud SDK Core Libraries (Platform Specific)"
      }, 
      "id": "core-win", 
      "is_configuration": false, 
      "is_hidden": true, 
      "is_required": true, 
      "platform": {
        "operating_systems": [
          "WINDOWS"
        ]
      }, 
      "version": {
        "build_number": 20150108121930, 
        "version_string": "2015.01.08"
      }
    }, 
    {
      "data": {
        "checksum": "f64a2c96dc0d0fcff0dba22804f8bd611fbecefe", 
        "contents_checksum": "c9ebbfc7132b6f4239539fc088a94feacd5a21b2", 
        "size": 17161, 
        "source": "file:///tmp/tmpK3oQ1B/components/google-cloud-sdk-dns-20150108121930.tar.gz", 
        "type": "tar"
      }, 
      "dependencies": [
        "core"
      ], 
      "details": {
        "description": "Provides the gcloud dns tool for managing your Cloud DNS.", 
        "display_name": "Cloud DNS Admin Command Line Interface"
      }, 
      "id": "dns", 
      "is_configuration": false, 
      "is_hidden": false, 
      "is_required": false, 
      "platform": {}, 
      "version": {
        "build_number": 20150108121930, 
        "version_string": "2015.01.08"
      }
    }, 
    {
      "dependencies": [
        "core", 
        "gae-python", 
        "app-engine-go-linux-x86", 
        "app-engine-go-darwin-x86", 
        "app-engine-go-windows-x86", 
        "app-engine-go-linux-x86_64", 
        "app-engine-go-darwin-x86_64", 
        "app-engine-go-windows-x86_64", 
        "gae-go-nix", 
        "gae-go-win"
      ], 
      "details": {
        "description": "Provides all the tools required to develop Go applications on Google App Engine.", 
        "display_name": "App Engine SDK for Go"
      }, 
      "id": "gae-go", 
      "is_configuration": false, 
      "is_hidden": false, 
      "is_required": false, 
      "platform": {}, 
      "version": {
        "build_number": 20150108121930, 
        "version_string": "2015.01.08"
      }
    }, 
    {
      "data": {
        "checksum": "1da7d5160b0f8cb806b4911b51d53b487f1e8634", 
        "contents_checksum": "a5bc5bb1efbd623ada90642ddf0086ebb7bb87f9", 
        "size": 990, 
        "source": "file:///tmp/tmpK3oQ1B/components/google-cloud-sdk-gae-go-nix-20150108121930.tar.gz", 
        "type": "tar"
      }, 
      "dependencies": [
        "core", 
        "gae-python", 
        "app-engine-go-linux-x86", 
        "app-engine-go-darwin-x86", 
        "app-engine-go-windows-x86", 
        "app-engine-go-linux-x86_64", 
        "app-engine-go-darwin-x86_64", 
        "app-engine-go-windows-x86_64", 
        "gae-go"
      ], 
      "details": {
        "description": "Provides all the tools required to develop Go applications on Google App Engine.", 
        "display_name": "App Engine SDK for Go (Platform Specific)"
      }, 
      "id": "gae-go-nix", 
      "is_configuration": false, 
      "is_hidden": true, 
      "is_required": false, 
      "platform": {
        "operating_systems": [
          "LINUX", 
          "MACOSX", 
          "CYGWIN", 
          "MSYS"
        ]
      }, 
      "version": {
        "build_number": 20150108121930, 
        "version_string": "2015.01.08"
      }
    }, 
    {
      "data": {
        "checksum": "aeb22f1944925f063b4e6caeddd131ef66ff9be0", 
        "contents_checksum": "f37faf63116f0f944afcb7148a94555578b494bf", 
        "size": 644, 
        "source": "file:///tmp/tmpK3oQ1B/components/google-cloud-sdk-gae-go-win-20150108121930.tar.gz", 
        "type": "tar"
      }, 
      "dependencies": [
        "core", 
        "gae-python", 
        "app-engine-go-linux-x86", 
        "app-engine-go-darwin-x86", 
        "app-engine-go-windows-x86", 
        "app-engine-go-linux-x86_64", 
        "app-engine-go-darwin-x86_64", 
        "app-engine-go-windows-x86_64", 
        "gae-go"
      ], 
      "details": {
        "description": "Provides all the tools required to develop Go applications on Google App Engine.", 
        "display_name": "App Engine SDK for Go (Platform Specific)"
      }, 
      "id": "gae-go-win", 
      "is_configuration": false, 
      "is_hidden": true, 
      "is_required": false, 
      "platform": {
        "operating_systems": [
          "WINDOWS"
        ]
      }, 
      "version": {
        "build_number": 20150108121930, 
        "version_string": "2015.01.08"
      }
    }, 
    {
      "data": {
        "checksum": "d05de01e562f2c802d261b6fd4188ea856168f67", 
        "contents_checksum": "6590256e8fa564213f3a4255c374d51539f43701", 
        "size": 169028993, 
        "source": "file:///tmp/tmpK3oQ1B/components/google-cloud-sdk-gae-java-20150108121930.tar.gz", 
        "type": "tar"
      }, 
      "dependencies": [
        "core", 
        "gae-java-nix", 
        "gae-java-win"
      ], 
      "details": {
        "description": "Provides all the tools required to develop Java applications on Google App Engine.", 
        "display_name": "App Engine SDK for Java"
      }, 
      "id": "gae-java", 
      "is_configuration": false, 
      "is_hidden": false, 
      "is_required": false, 
      "platform": {}, 
      "version": {
        "build_number": 20150108121930, 
        "version_string": "1.9.17"
      }
    }, 
    {
      "data": {
        "checksum": "9843a4c05f0c3d9dc9484781c6755b1966f772a1", 
        "contents_checksum": "5ae6b19e172c92c757898f44384bc2dbb87635d1", 
        "size": 1480, 
        "source": "file:///tmp/tmpK3oQ1B/components/google-cloud-sdk-gae-java-nix-20150108121930.tar.gz", 
        "type": "tar"
      }, 
      "dependencies": [
        "core", 
        "gae-java"
      ], 
      "details": {
        "description": "Provides all the tools required to develop Java applications on Google App Engine.", 
        "display_name": "App Engine SDK for Java (Platform Specific)"
      }, 
      "id": "gae-java-nix", 
      "is_configuration": false, 
      "is_hidden": true, 
      "is_required": false, 
      "platform": {
        "operating_systems": [
          "LINUX", 
          "MACOSX", 
          "CYGWIN", 
          "MSYS"
        ]
      }, 
      "version": {
        "build_number": 20150108121930, 
        "version_string": "1.9.17"
      }
    }, 
    {
      "data": {
        "checksum": "834131f69a9222b2a4b95bfb2ef227b03c49e4b2", 
        "contents_checksum": "e16feeddbb5ae5dbf20f47129e7c660de702832c", 
        "size": 1172, 
        "source": "file:///tmp/tmpK3oQ1B/components/google-cloud-sdk-gae-java-win-20150108121930.tar.gz", 
        "type": "tar"
      }, 
      "dependencies": [
        "core", 
        "gae-java"
      ], 
      "details": {
        "description": "Provides all the tools required to develop Java applications on Google App Engine.", 
        "display_name": "App Engine SDK for Java (Platform Specific)"
      }, 
      "id": "gae-java-win", 
      "is_configuration": false, 
      "is_hidden": true, 
      "is_required": false, 
      "platform": {
        "operating_systems": [
          "WINDOWS"
        ]
      }, 
      "version": {
        "build_number": 20150108121930, 
        "version_string": "1.9.17"
      }
    }, 
    {
      "data": {
        "checksum": "2ccb5390c6cec5002a0da8fff9308f9b056170ee", 
        "contents_checksum": "a6b8940f68ba0467493df914083aae5df3438e51", 
        "size": 1155, 
        "source": "file:///tmp/tmpK3oQ1B/components/google-cloud-sdk-gae-python-20150108121930.tar.gz", 
        "type": "tar"
      }, 
      "dependencies": [
        "core", 
        "app-engine-python", 
        "app-engine-python-extras", 
        "gae-python-launcher-mac", 
        "gae-python-launcher-win"
      ], 
      "details": {
        "description": "Provides all the tools required to develop Python and PHP applications on Google App Engine.", 
        "display_name": "App Engine SDK for Python and PHP"
      }, 
      "id": "gae-python", 
      "is_configuration": false, 
      "is_hidden": false, 
      "is_required": false, 
      "platform": {}, 
      "version": {
        "build_number": 20150108121930, 
        "version_string": "2015.01.08"
      }
    }, 
    {
      "data": {
        "checksum": "a88abfc9eb46acfe714ebd7258fd2d5cf3c4e935", 
        "contents_checksum": "38a8170b044cf638df896f0959245fa35d6479c9", 
        "size": 14984592, 
        "source": "file:///tmp/tmpK3oQ1B/components/google-cloud-sdk-gae-python-launcher-mac-20150108121930.tar.gz", 
        "type": "tar"
      }, 
      "dependencies": [
        "core", 
        "gae-python"
      ], 
      "details": {
        "description": "Provides the GUI application for launching App Engine apps locally.", 
        "display_name": "App Engine Launcher Application for Mac"
      }, 
      "id": "gae-python-launcher-mac", 
      "is_configuration": false, 
      "is_hidden": false, 
      "is_required": false, 
      "platform": {
        "operating_systems": [
          "MACOSX"
        ]
      }, 
      "version": {
        "build_number": 20150108121930, 
        "version_string": "1.9.17"
      }
    }, 
    {
      "data": {
        "checksum": "7a08c03b6517a2639053c0e1ad3df0a48aa99aa4", 
        "contents_checksum": "ddf3494eef208b1dd180b5ebf0e68c405ccce4a3", 
        "size": 11728470, 
        "source": "file:///tmp/tmpK3oQ1B/components/google-cloud-sdk-gae-python-launcher-win-20150108121930.tar.gz", 
        "type": "tar"
      }, 
      "dependencies": [
        "core", 
        "gae-python"
      ], 
      "details": {
        "description": "Provides the GUI application for launching App Engine apps locally.", 
        "display_name": "App Engine Launcher Application for Windows"
      }, 
      "id": "gae-python-launcher-win", 
      "is_configuration": false, 
      "is_hidden": false, 
      "is_required": false, 
      "platform": {
        "operating_systems": [
          "WINDOWS", 
          "CYGWIN", 
          "MSYS"
        ]
      }, 
      "version": {
        "build_number": 20150108121930, 
        "version_string": "1.9.17"
      }
    }, 
    {
      "data": {
        "checksum": "b2557407eb575a009465451a4e4cc7b49dfcad9b", 
        "contents_checksum": "99137eca3cb1b1244086af8650439db9e2194979", 
        "size": 477534, 
        "source": "file:///tmp/tmpK3oQ1B/components/google-cloud-sdk-gcutil-20150108121930.tar.gz", 
        "type": "tar"
      }, 
      "dependencies": [
        "core", 
        "windows-ssh-tools", 
        "gcutil-nix", 
        "gcutil-win"
      ], 
      "details": {
        "description": "Provides the gcutil tool for interacting with Google Compute Engine.", 
        "display_name": "Compute Engine Command Line Tool (deprecated)"
      }, 
      "id": "gcutil", 
      "is_configuration": false, 
      "is_hidden": false, 
      "is_required": false, 
      "platform": {}, 
      "version": {
        "build_number": 20150108121930, 
        "version_string": "1.16.5"
      }
    }, 
    {
      "data": {
        "checksum": "4316dbc4b5f51742816b0b4dc1c9638b22b724c2", 
        "contents_checksum": "16227561d5856375409cf6f824377d35bd4207e5", 
        "size": 966, 
        "source": "file:///tmp/tmpK3oQ1B/components/google-cloud-sdk-gcutil-nix-20150108121930.tar.gz", 
        "type": "tar"
      }, 
      "dependencies": [
        "core", 
        "windows-ssh-tools", 
        "gcutil"
      ], 
      "details": {
        "description": "Provides the gcutil tool for interacting with Google Compute Engine.", 
        "display_name": "Compute Engine Command Line Tool (deprecated) (Platform Specific)"
      }, 
      "id": "gcutil-nix", 
      "is_configuration": false, 
      "is_hidden": true, 
      "is_required": false, 
      "platform": {
        "operating_systems": [
          "LINUX", 
          "MACOSX", 
          "CYGWIN", 
          "MSYS"
        ]
      }, 
      "version": {
        "build_number": 20150108121930, 
        "version_string": "1.16.5"
      }
    }, 
    {
      "data": {
        "checksum": "3f8757f9fdb26f873826ff019560b3068e2dcc0d", 
        "contents_checksum": "0751123393c0bbef6338f5bf24fa76eaf650b29c", 
        "size": 626, 
        "source": "file:///tmp/tmpK3oQ1B/components/google-cloud-sdk-gcutil-win-20150108121930.tar.gz", 
        "type": "tar"
      }, 
      "dependencies": [
        "core", 
        "windows-ssh-tools", 
        "gcutil"
      ], 
      "details": {
        "description": "Provides the gcutil tool for interacting with Google Compute Engine.", 
        "display_name": "Compute Engine Command Line Tool (deprecated) (Platform Specific)"
      }, 
      "id": "gcutil-win", 
      "is_configuration": false, 
      "is_hidden": true, 
      "is_required": false, 
      "platform": {
        "operating_systems": [
          "WINDOWS"
        ]
      }, 
      "version": {
        "build_number": 20150108121930, 
        "version_string": "1.16.5"
      }
    }, 
    {
      "data": {
        "checksum": "546fcbcf4c894ab9d05725061f2e531966916536", 
        "contents_checksum": "96ac1042779863d44d802f5db6c217140bd53860", 
        "size": 3138183, 
        "source": "file:///tmp/tmpK3oQ1B/components/google-cloud-sdk-gsutil-20150108121930.tar.gz", 
        "type": "tar"
      }, 
      "dependencies": [
        "core", 
        "gsutil-nix", 
        "gsutil-win"
      ], 
      "details": {
        "description": "Provides the gsutil tool for interacting with Google Cloud Storage.", 
        "display_name": "Cloud Storage Command Line Tool"
      }, 
      "id": "gsutil", 
      "is_configuration": false, 
      "is_hidden": false, 
      "is_required": false, 
      "platform": {}, 
      "version": {
        "build_number": 20150108121930, 
        "version_string": "4.7"
      }
    }, 
    {
      "data": {
        "checksum": "5321ed1f02ccbed14db9ee211e51561885ca58b5", 
        "contents_checksum": "a6b3430913f8a3046831aeca8ee07992b95a3f29", 
        "size": 973, 
        "source": "file:///tmp/tmpK3oQ1B/components/google-cloud-sdk-gsutil-nix-20150108121930.tar.gz", 
        "type": "tar"
      }, 
      "dependencies": [
        "core", 
        "gsutil"
      ], 
      "details": {
        "description": "Provides the gsutil tool for interacting with Google Cloud Storage.", 
        "display_name": "Cloud Storage Command Line Tool (Platform Specific)"
      }, 
      "id": "gsutil-nix", 
      "is_configuration": false, 
      "is_hidden": true, 
      "is_required": false, 
      "platform": {
        "operating_systems": [
          "LINUX", 
          "MACOSX", 
          "CYGWIN", 
          "MSYS"
        ]
      }, 
      "version": {
        "build_number": 20150108121930, 
        "version_string": "4.7"
      }
    }, 
    {
      "data": {
        "checksum": "f5859c07c60d399986769cf1efa5ede510a8a17d", 
        "contents_checksum": "cc0dd4524250dff480ff43dfef8e420dac4b638c", 
        "size": 636, 
        "source": "file:///tmp/tmpK3oQ1B/components/google-cloud-sdk-gsutil-win-20150108121930.tar.gz", 
        "type": "tar"
      }, 
      "dependencies": [
        "core", 
        "gsutil"
      ], 
      "details": {
        "description": "Provides the gsutil tool for interacting with Google Cloud Storage.", 
        "display_name": "Cloud Storage Command Line Tool (Platform Specific)"
      }, 
      "id": "gsutil-win", 
      "is_configuration": false, 
      "is_hidden": true, 
      "is_required": false, 
      "platform": {
        "operating_systems": [
          "WINDOWS"
        ]
      }, 
      "version": {
        "build_number": 20150108121930, 
        "version_string": "4.7"
      }
    }, 
    {
      "dependencies": [
        "core", 
        "bq", 
        "compute", 
        "dns", 
        "gcutil", 
        "gsutil", 
        "sql"
      ], 
      "details": {
        "description": "Contains all the standard cloud platform command line tools.", 
        "display_name": "Cloud SDK Core Command Line Tools"
      }, 
      "id": "pkg-core", 
      "is_configuration": true, 
      "is_hidden": false, 
      "is_required": false, 
      "platform": {}, 
      "version": {
        "build_number": 1, 
        "version_string": "1"
      }
    }, 
    {
      "dependencies": [
        "pkg-core", 
        "gae-go"
      ], 
      "details": {
        "description": "Contains all tools for building cloud applications in Go.", 
        "display_name": "Cloud SDK for Go Developers"
      }, 
      "id": "pkg-go", 
      "is_configuration": true, 
      "is_hidden": false, 
      "is_required": false, 
      "platform": {}, 
      "version": {
        "build_number": 1, 
        "version_string": "1"
      }
    }, 
    {
      "dependencies": [
        "pkg-core", 
        "gae-java"
      ], 
      "details": {
        "description": "Contains all tools for building cloud applications in Java.", 
        "display_name": "Cloud SDK for Java Developers"
      }, 
      "id": "pkg-java", 
      "is_configuration": true, 
      "is_hidden": false, 
      "is_required": false, 
      "platform": {}, 
      "version": {
        "build_number": 1, 
        "version_string": "1"
      }
    }, 
    {
      "dependencies": [
        "pkg-core", 
        "gae-python"
      ], 
      "details": {
        "description": "Contains all tools for building cloud applications in Python and PHP.", 
        "display_name": "Cloud SDK for Python and PHP Developers"
      }, 
      "id": "pkg-python", 
      "is_configuration": true, 
      "is_hidden": false, 
      "is_required": false, 
      "platform": {}, 
      "version": {
        "build_number": 1, 
        "version_string": "1"
      }
    }, 
    {
      "data": {
        "checksum": "7684c88a0ab1684ba26b1f572014ac4af545b0ed", 
        "contents_checksum": "8c9ec4916f7a214199cfc4b357cb2df202582972", 
        "size": 124347, 
        "source": "file:///tmp/tmpK3oQ1B/components/google-cloud-sdk-preview-20150108121930.tar.gz", 
        "type": "tar"
      }, 
      "dependencies": [
        "core", 
        "preview-extensions-linux-x86", 
        "preview-extensions-linux-x86_64", 
        "preview-extensions-darwin-x86", 
        "preview-extensions-darwin-x86_64"
      ], 
      "details": {
        "description": "Provides gcloud commands that are in developer preview.", 
        "display_name": "Developer Preview gcloud Commands"
      }, 
      "id": "preview", 
      "is_configuration": false, 
      "is_hidden": false, 
      "is_required": false, 
      "platform": {}, 
      "version": {
        "build_number": 20150108121930, 
        "version_string": "2015.01.08"
      }
    }, 
    {
      "data": {
        "checksum": "1059ff2b55dc1cf27bccaaaccae9c231d9a3113c", 
        "contents_checksum": "3ce7ee6eb076fa29add0b8465f67742e8e64b626", 
        "size": 2843143, 
        "source": "file:///tmp/tmpK3oQ1B/components/google-cloud-sdk-preview-extensions-darwin-x86-20150108121930.tar.gz", 
        "type": "tar"
      }, 
      "dependencies": [
        "preview"
      ], 
      "details": {
        "description": "Provides native extensions for preview commands.", 
        "display_name": "Native extensions for preview commands (Mac OS X, x86)"
      }, 
      "id": "preview-extensions-darwin-x86", 
      "is_configuration": false, 
      "is_hidden": true, 
      "is_required": false, 
      "platform": {
        "architectures": [
          "x86"
        ], 
        "operating_systems": [
          "MACOSX"
        ]
      }, 
      "version": {
        "build_number": 20150108121930, 
        "version_string": "0.7.0"
      }
    }, 
    {
      "data": {
        "checksum": "b336df8e3380f3d1bdf40ff5d46ccd736a76d332", 
        "contents_checksum": "1926c6687a67f0209fff8f5941f96091a0787802", 
        "size": 2959326, 
        "source": "file:///tmp/tmpK3oQ1B/components/google-cloud-sdk-preview-extensions-darwin-x86_64-20150108121930.tar.gz", 
        "type": "tar"
      }, 
      "dependencies": [
        "preview"
      ], 
      "details": {
        "description": "Provides native extensions for preview commands.", 
        "display_name": "Native extensions for preview commands (Mac OS X, x86_64)"
      }, 
      "id": "preview-extensions-darwin-x86_64", 
      "is_configuration": false, 
      "is_hidden": true, 
      "is_required": false, 
      "platform": {
        "architectures": [
          "x86_64"
        ], 
        "operating_systems": [
          "MACOSX"
        ]
      }, 
      "version": {
        "build_number": 20150108121930, 
        "version_string": "0.7.0"
      }
    }, 
    {
      "data": {
        "checksum": "b34759752eac487608a9e6c5090cbd1860402114", 
        "contents_checksum": "7dc0acf738838b2b9bfb9c13a3ebc84102e09cdf", 
        "size": 2821894, 
        "source": "file:///tmp/tmpK3oQ1B/components/google-cloud-sdk-preview-extensions-linux-x86-20150108121930.tar.gz", 
        "type": "tar"
      }, 
      "dependencies": [
        "preview"
      ], 
      "details": {
        "description": "Provides native extensions for preview commands.", 
        "display_name": "Native extensions for preview commands (Linux, x86)"
      }, 
      "id": "preview-extensions-linux-x86", 
      "is_configuration": false, 
      "is_hidden": true, 
      "is_required": false, 
      "platform": {
        "architectures": [
          "x86"
        ], 
        "operating_systems": [
          "LINUX"
        ]
      }, 
      "version": {
        "build_number": 20150108121930, 
        "version_string": "0.7.0"
      }
    }, 
    {
      "data": {
        "checksum": "12c17d0c22ba0341d63c2186931f66546e363690", 
        "contents_checksum": "da19855e528069130375924be9707f94b9d59b2d", 
        "size": 2946615, 
        "source": "file:///tmp/tmpK3oQ1B/components/google-cloud-sdk-preview-extensions-linux-x86_64-20150108121930.tar.gz", 
        "type": "tar"
      }, 
      "dependencies": [
        "preview"
      ], 
      "details": {
        "description": "Provides native extensions for preview commands.", 
        "display_name": "Native extensions for preview commands (Linux, x86_64)"
      }, 
      "id": "preview-extensions-linux-x86_64", 
      "is_configuration": false, 
      "is_hidden": true, 
      "is_required": false, 
      "platform": {
        "architectures": [
          "x86_64"
        ], 
        "operating_systems": [
          "LINUX"
        ]
      }, 
      "version": {
        "build_number": 20150108121930, 
        "version_string": "0.7.0"
      }
    }, 
    {
      "data": {
        "checksum": "fd884595bc0d577db2e4627198eb2d45dfd9a679", 
        "contents_checksum": "43d23975d4f38d2d580690f668df217e94f9b020", 
        "size": 34513, 
        "source": "file:///tmp/tmpK3oQ1B/components/google-cloud-sdk-sql-20150108121930.tar.gz", 
        "type": "tar"
      }, 
      "dependencies": [
        "core"
      ], 
      "details": {
        "description": "Provides the gcloud sql tool for interacting with your Cloud SQL instances.", 
        "display_name": "Cloud SQL Admin Command Line Interface"
      }, 
      "id": "sql", 
      "is_configuration": false, 
      "is_hidden": false, 
      "is_required": false, 
      "platform": {}, 
      "version": {
        "build_number": 20150108121930, 
        "version_string": "2015.01.08"
      }
    }, 
    {
      "data": {
        "checksum": "16fcc2babe4f98b708e41f70d7b37ce147851729", 
        "contents_checksum": "299718b6cb571f23fb5ac05a6e531aafa284d781", 
        "size": 906909, 
        "source": "file:///tmp/tmpK3oQ1B/components/google-cloud-sdk-windows-ssh-tools-20150108121930.tar.gz", 
        "type": "tar"
      }, 
      "dependencies": [], 
      "details": {
        "description": "Provides Windows command line ssh tools.", 
        "display_name": "Windows command line ssh tools"
      }, 
      "id": "windows-ssh-tools", 
      "is_configuration": false, 
      "is_hidden": true, 
      "is_required": false, 
      "platform": {
        "operating_systems": [
          "WINDOWS"
        ]
      }, 
      "version": {
        "build_number": 20150108121930, 
        "version_string": "2015.01.08"
      }
    }
  ], 
  "revision": 20150108121930, 
  "schema_version": {
    "no_update": false, 
    "url": "https://dl.google.com/dl/cloudsdk/release/google-cloud-sdk.tar.gz", 
    "version": 3
  }
}